{"stats":{"minecraft:used":{"createaddition:large_connector":19,"create:small_deepslate_brick_stairs":13,"minecraft:water_bucket":2,"numismatics:brass_depositor":2,"createteleporters:item_tp":3,"create:deployer":1,"create:stock_ticker":6,"numismatics:bank_terminal":5,"minecraft:stripped_birch_log":6,"create:item_vault":87,"createaddition:connector":1,"minecraft:redstone":12,"dndesires:stirling_engine":3,"minecraft:oak_sign":40,"create:packager":64,"create:light_gray_postbox":6,"create:pulse_extender":3,"create:brass_tunnel":2,"minecraft:chest":7,"minecraft:stone":101,"minecraft:redstone_block":3,"create:copper_valve_handle":1,"create:blaze_burner":6,"create:package_frogport":1,"minecraft:white_wool":3,"create:item_drain":2,"create:small_deepslate_bricks":6,"minecraft:glow_item_frame":77,"minecraft:polished_blackstone_pressure_plate":3,"create:fluid_tank":3,"minecraft:dirt":36,"create:mechanical_pump":11,"create:track_station":6,"minecraft:comparator":4,"create:brass_funnel":76,"createaddition:modular_accumulator":19,"create:cogwheel":20,"create:copycat_panel":76,"create:bound_cardboard_block":5,"create:creative_crate":53,"create:stock_link":62,"dndesires:omni_speed_controller":2,"create:metal_girder":123,"createtreadmill:treadmill":7,"create:chute":108,"create:smart_chute":1,"create:cardboard_block":8,"create:track":6,"minecraft:lever":11,"createaddition:alternator":12,"minecraft:sea_lantern":3,"create:display_link":2,"minecraft:oak_button":1,"create:chain_conveyor":1,"minecraft:villager_spawn_egg":2,"create:brass_table_cloth":139,"minecraft:light_gray_concrete":179,"create:windmill_bearing":2,"create:wrench":26,"create:gearbox":1,"minecraft:grass_block":32,"minecraft:chicken_spawn_egg":1,"numismatics:vendor":1,"createaddition:electrum_spool":18,"createblockchain:currency_miner":4,"create:copycat_step":138,"createteleporters:item_tp_rec":12,"create:water_wheel":2,"create:brown_toolbox":1,"create:mechanical_arm":4,"create:andesite_funnel":1,"create:large_water_wheel":5,"minecraft:iron_door":3,"minecraft:barrel":7,"create:andesite_casing":2,"minecraft:gravel":1,"create:creative_motor":21,"create:cut_andesite":18,"create:encased_chain_drive":21,"minecraft:repeater":3,"minecraft:glowstone":1,"create:rotation_speed_controller":4,"create:stockpile_switch":1,"create:red_table_cloth":1,"create:shaft":32,"create:cardboard_package_12x10":2,"create:steam_engine":4,"minecraft:furnace":3,"create:industrial_iron_block":102,"minecraft:chain":1,"minecraft:andesite":29,"minecraft:stripped_oak_log":46,"create:hand_crank":3,"create:fluid_pipe":10,"create:creative_fluid_tank":9,"create:display_board":10,"create:vertical_gearbox":2,"create:pulse_repeater":2,"create:content_observer":2,"minecraft:white_concrete":664,"create:redstone_link":4,"create:andesite_bars":6,"minecraft:observer":3,"numismatics:creative_vendor":2,"create:belt_connector":18,"create:fluid_valve":1,"create:large_cogwheel":3,"create:cut_deepslate_brick_stairs":7,"create:polished_cut_deepslate_stairs":18},"minecraft:killed":{"minecraft:villager":2},"minecraft:picked_up":{"minecraft:stripped_oak_log":1280,"minecraft:golden_carrot":2368,"minecraft:lead":2,"createaddition:electrum_ingot":1280,"create:andesite_alloy":1218,"createteleporters:item_tp_rec":1,"numismatics:spur":1806,"createteleporters:tp_link":2,"minecraft:wheat_seeds":1,"minecraft:comparator":1,"create:brass_funnel":1,"minecraft:iron_ingot":1280,"numismatics:sun":591,"create:goggles":23,"create:shaft":2,"create:brown_toolbox":1283,"createblockchain:currency_miner":1281,"minecraft:stone":1280,"minecraft:copper_ingot":1280,"createaddition:electrum_wire":20,"minecraft:dried_kelp":1280,"minecraft:amethyst_shard":1280,"minecraft:redstone":1280,"create:zinc_ingot":1280,"minecraft:barrel":65,"create:deployer":3,"createblockchain:mining_core":20,"create:electron_tube":1280,"minecraft:slime_ball":1280,"minecraft:lever":1},"minecraft:custom":{"minecraft:interact_with_furnace":1,"minecraft:mob_kills":2,"minecraft:open_barrel":35,"minecraft:leave_game":21,"minecraft:time_since_death":348783,"minecraft:time_since_rest":348783,"minecraft:sprint_one_cm":31226,"minecraft:walk_one_cm":236633,"minecraft:drop":58,"minecraft:damage_dealt":410,"minecraft:talked_to_villager":2,"minecraft:fly_one_cm":936521,"minecraft:open_chest":8,"minecraft:crouch_one_cm":3387,"minecraft:play_time":348783,"minecraft:sneak_time":7542,"minecraft:jump":444,"minecraft:walk_on_water_one_cm":132,"minecraft:total_world_time":438719},"minecraft:dropped":{"create:brass_funnel":1,"create:shaft":1,"create:cogwheel":1,"minecraft:comparator":3,"create:cardboard_package_10x8":8,"create:brown_toolbox":256,"create:fluid_pipe":1,"minecraft:golden_carrot":128,"createteleporters:item_tp_rec":2,"create:cardboard_package_10x12":4,"minecraft:white_concrete":1,"create:deployer":3,"create:cardboard_block":1,"create:cardboard_package_12x10":11,"create:cardboard_package_12x12":10,"minecraft:redstone":5}},"DataVersion":3955}