{
  "minecraft:recipes/decorations/crafting_table": {
    "criteria": {
      "unlock_right_away": "2025-08-21 11:59:12 +0200"
    },
    "done": true
  },
  "minecraft:adventure/adventuring_time": {
    "criteria": {
      "minecraft:forest": "2025-08-21 12:00:43 +0200",
      "minecraft:river": "2025-08-21 12:00:46 +0200",
      "minecraft:birch_forest": "2025-08-21 11:59:13 +0200",
      "minecraft:plains": "2025-08-21 12:01:07 +0200"
    },
    "done": false
  },
  "create:root": {
    "criteria": {
      "0": "2025-08-21 12:22:34 +0200"
    },
    "done": true
  },
  "numismatics:root": {
    "criteria": {
      "0": "2025-08-21 12:22:34 +0200"
    },
    "done": true
  },
  "createaddition:recipes/misc/crafting/large_connector": {
    "criteria": {
      "has_large_connector": "2025-08-21 12:23:39 +0200"
    },
    "done": true
  },
  "createaddition:recipes/redstone/crafting/electrum_spool": {
    "criteria": {
      "has_wire": "2025-08-21 12:23:42 +0200"
    },
    "done": true
  },
  "createaddition:recipes/combat/crafting/electrum_amulet": {
    "criteria": {
      "has_electrum_wire": "2025-08-21 12:23:42 +0200"
    },
    "done": true
  },
  "createaddition:recipes/redstone/crafting/modular_accumulator": {
    "criteria": {
      "has_wires": "2025-08-21 12:23:42 +0200"
    },
    "done": true
  },
  "create:recipes/misc/crafting/kinetics/gearbox": {
    "criteria": {
      "has_item": "2025-08-21 12:24:13 +0200"
    },
    "done": true
  },
  "create:recipes/misc/crafting/kinetics/vertical_gearbox": {
    "criteria": {
      "has_item": "2025-08-21 12:24:13 +0200"
    },
    "done": true
  },
  "minecraft:recipes/brewing/cauldron": {
    "criteria": {
      "has_water_bucket": "2025-08-21 12:24:35 +0200"
    },
    "done": true
  },
  "create:mechanical_pump_0": {
    "criteria": {
      "0": "2025-08-21 12:24:41 +0200"
    },
    "done": true
  },
  "create:water_supply": {
    "criteria": {
      "0": "2025-08-21 12:24:44 +0200"
    },
    "done": true
  },
  "minecraft:recipes/transportation/cherry_boat": {
    "criteria": {
      "in_water": "2025-08-21 12:28:08 +0200"
    },
    "done": true
  },
  "minecraft:recipes/transportation/bamboo_raft": {
    "criteria": {
      "in_water": "2025-08-21 12:28:08 +0200"
    },
    "done": true
  },
  "minecraft:recipes/transportation/spruce_boat": {
    "criteria": {
      "in_water": "2025-08-21 12:28:08 +0200"
    },
    "done": true
  },
  "minecraft:recipes/transportation/birch_boat": {
    "criteria": {
      "in_water": "2025-08-21 12:28:08 +0200"
    },
    "done": true
  },
  "minecraft:recipes/transportation/oak_boat": {
    "criteria": {
      "in_water": "2025-08-21 12:28:08 +0200"
    },
    "done": true
  },
  "minecraft:recipes/transportation/mangrove_boat": {
    "criteria": {
      "in_water": "2025-08-21 12:28:08 +0200"
    },
    "done": true
  },
  "minecraft:recipes/transportation/acacia_boat": {
    "criteria": {
      "in_water": "2025-08-21 12:28:08 +0200"
    },
    "done": true
  },
  "minecraft:recipes/transportation/jungle_boat": {
    "criteria": {
      "in_water": "2025-08-21 12:28:08 +0200"
    },
    "done": true
  },
  "minecraft:recipes/transportation/dark_oak_boat": {
    "criteria": {
      "in_water": "2025-08-21 12:28:08 +0200"
    },
    "done": true
  },
  "create:wrench_goggles": {
    "criteria": {
      "0": "2025-08-21 12:29:49 +0200",
      "1": "2025-09-09 12:39:53 +0200"
    },
    "done": true
  },
  "minecraft:recipes/decorations/chest": {
    "criteria": {
      "has_lots_of_items": "2025-08-21 12:29:49 +0200"
    },
    "done": true
  },
  "create:funnel": {
    "criteria": {
      "0": "2025-08-21 12:31:30 +0200"
    },
    "done": true
  },
  "createaddition:recipes/misc/crafting/rolling_mill": {
    "criteria": {
      "has_shaft": "2025-08-21 12:37:52 +0200"
    },
    "done": true
  },
  "create:belt": {
    "criteria": {
      "0": "2025-08-21 12:38:11 +0200"
    },
    "done": true
  },
  "create:display_link": {
    "criteria": {
      "0": "2025-08-21 12:38:35 +0200"
    },
    "done": true
  },
  "create:recipes/misc/crafting/logistics/repackager_from_conversion": {
    "criteria": {
      "has_item": "2025-08-21 12:43:34 +0200"
    },
    "done": true
  },
  "create:burner": {
    "criteria": {
      "0": "2025-08-21 12:43:41 +0200"
    },
    "done": true
  },
  "create:recipes/misc/crafting/logistics/stock_ticker_clear": {
    "criteria": {
      "has_item": "2025-08-21 12:43:45 +0200"
    },
    "done": true
  },
  "create:recipes/misc/crafting/logistics/factory_gauge": {
    "criteria": {
      "has_item": "2025-08-21 12:43:46 +0200"
    },
    "done": true
  },
  "create:recipes/misc/crafting/logistics/stock_link_clear": {
    "criteria": {
      "has_item": "2025-08-21 12:43:46 +0200"
    },
    "done": true
  },
  "numismatics:money_laundering": {
    "criteria": {
      "0": "2025-08-21 12:44:20 +0200"
    },
    "done": true
  },
  "numismatics:is_this_legal": {
    "criteria": {
      "0": "2025-08-21 12:44:20 +0200"
    },
    "done": true
  },
  "create:recipes/building_blocks/crafting/logistics/red_table_cloth_from_other_table_cloth": {
    "criteria": {
      "has_postbox": "2025-08-21 12:49:03 +0200"
    },
    "done": true
  },
  "create:recipes/misc/crafting/logistics/red_table_cloth_clear": {
    "criteria": {
      "has_red_table_cloth": "2025-08-21 12:49:03 +0200"
    },
    "done": true
  },
  "create:recipes/building_blocks/crafting/logistics/brown_table_cloth_from_other_table_cloth": {
    "criteria": {
      "has_postbox": "2025-08-21 12:49:03 +0200"
    },
    "done": true
  },
  "create:recipes/building_blocks/crafting/logistics/light_gray_table_cloth_from_other_table_cloth": {
    "criteria": {
      "has_postbox": "2025-08-21 12:49:03 +0200"
    },
    "done": true
  },
  "create:recipes/building_blocks/crafting/logistics/light_blue_table_cloth_from_other_table_cloth": {
    "criteria": {
      "has_postbox": "2025-08-21 12:49:03 +0200"
    },
    "done": true
  },
  "create:recipes/building_blocks/crafting/logistics/green_table_cloth_from_other_table_cloth": {
    "criteria": {
      "has_postbox": "2025-08-21 12:49:03 +0200"
    },
    "done": true
  },
  "create:recipes/building_blocks/crafting/logistics/cyan_table_cloth_from_other_table_cloth": {
    "criteria": {
      "has_postbox": "2025-08-21 12:49:03 +0200"
    },
    "done": true
  },
  "create:recipes/building_blocks/crafting/logistics/orange_table_cloth_from_other_table_cloth": {
    "criteria": {
      "has_postbox": "2025-08-21 12:49:03 +0200"
    },
    "done": true
  },
  "create:recipes/building_blocks/crafting/logistics/yellow_table_cloth_from_other_table_cloth": {
    "criteria": {
      "has_postbox": "2025-08-21 12:49:03 +0200"
    },
    "done": true
  },
  "create:recipes/building_blocks/crafting/logistics/white_table_cloth_from_other_table_cloth": {
    "criteria": {
      "has_postbox": "2025-08-21 12:49:03 +0200"
    },
    "done": true
  },
  "create:recipes/building_blocks/crafting/logistics/pink_table_cloth_from_other_table_cloth": {
    "criteria": {
      "has_postbox": "2025-08-21 12:49:03 +0200"
    },
    "done": true
  },
  "create:recipes/building_blocks/crafting/logistics/magenta_table_cloth_from_other_table_cloth": {
    "criteria": {
      "has_postbox": "2025-08-21 12:49:03 +0200"
    },
    "done": true
  },
  "create:recipes/building_blocks/crafting/logistics/purple_table_cloth_from_other_table_cloth": {
    "criteria": {
      "has_postbox": "2025-08-21 12:49:03 +0200"
    },
    "done": true
  },
  "create:recipes/building_blocks/crafting/logistics/black_table_cloth_from_other_table_cloth": {
    "criteria": {
      "has_postbox": "2025-08-21 12:49:03 +0200"
    },
    "done": true
  },
  "create:recipes/building_blocks/crafting/logistics/gray_table_cloth_from_other_table_cloth": {
    "criteria": {
      "has_postbox": "2025-08-21 12:49:03 +0200"
    },
    "done": true
  },
  "create:recipes/building_blocks/crafting/logistics/blue_table_cloth_from_other_table_cloth": {
    "criteria": {
      "has_postbox": "2025-08-21 12:49:03 +0200"
    },
    "done": true
  },
  "create:recipes/building_blocks/crafting/logistics/lime_table_cloth_from_other_table_cloth": {
    "criteria": {
      "has_postbox": "2025-08-21 12:49:03 +0200"
    },
    "done": true
  },
  "create:table_cloth_shop": {
    "criteria": {
      "0": "2025-08-21 12:50:38 +0200"
    },
    "done": true
  },
  "create:packager": {
    "criteria": {
      "0": "2025-08-21 12:50:47 +0200"
    },
    "done": true
  },
  "create:recipes/building_blocks/cut_deepslate_brick_wall_from_stone_types_deepslate_stonecutting": {
    "criteria": {
      "has_stone_types_deepslate": "2025-08-21 13:25:14 +0200"
    },
    "done": true
  },
  "create:recipes/building_blocks/small_deepslate_brick_stairs_from_stone_types_deepslate_stonecutting": {
    "criteria": {
      "has_stone_types_deepslate": "2025-08-21 13:25:14 +0200"
    },
    "done": true
  },
  "create:recipes/building_blocks/small_deepslate_brick_wall_from_stone_types_deepslate_stonecutting": {
    "criteria": {
      "has_stone_types_deepslate": "2025-08-21 13:25:14 +0200"
    },
    "done": true
  },
  "create:recipes/building_blocks/cut_deepslate_from_stone_types_deepslate_stonecutting": {
    "criteria": {
      "has_stone_types_deepslate": "2025-08-21 13:25:14 +0200"
    },
    "done": true
  },
  "create:recipes/building_blocks/cut_deepslate_slab_from_stone_types_deepslate_stonecutting": {
    "criteria": {
      "has_stone_types_deepslate": "2025-08-21 13:25:14 +0200"
    },
    "done": true
  },
  "create:recipes/building_blocks/cut_deepslate_wall_from_stone_types_deepslate_stonecutting": {
    "criteria": {
      "has_stone_types_deepslate": "2025-08-21 13:25:14 +0200"
    },
    "done": true
  },
  "create:recipes/building_blocks/deepslate_from_stone_types_deepslate_stonecutting": {
    "criteria": {
      "has_stone_types_deepslate": "2025-08-21 13:25:14 +0200"
    },
    "done": true
  },
  "create:recipes/building_blocks/polished_cut_deepslate_wall_from_stone_types_deepslate_stonecutting": {
    "criteria": {
      "has_stone_types_deepslate": "2025-08-21 13:25:14 +0200"
    },
    "done": true
  },
  "create:recipes/building_blocks/deepslate_pillar_from_stone_types_deepslate_stonecutting": {
    "criteria": {
      "has_stone_types_deepslate": "2025-08-21 13:25:14 +0200"
    },
    "done": true
  },
  "create:recipes/building_blocks/polished_cut_deepslate_stairs_from_stone_types_deepslate_stonecutting": {
    "criteria": {
      "has_stone_types_deepslate": "2025-08-21 13:25:14 +0200"
    },
    "done": true
  },
  "create:recipes/building_blocks/small_deepslate_brick_slab_from_stone_types_deepslate_stonecutting": {
    "criteria": {
      "has_stone_types_deepslate": "2025-08-21 13:25:14 +0200"
    },
    "done": true
  },
  "create:recipes/building_blocks/cut_deepslate_stairs_from_stone_types_deepslate_stonecutting": {
    "criteria": {
      "has_stone_types_deepslate": "2025-08-21 13:25:14 +0200"
    },
    "done": true
  },
  "create:recipes/building_blocks/cut_deepslate_brick_stairs_from_stone_types_deepslate_stonecutting": {
    "criteria": {
      "has_stone_types_deepslate": "2025-08-21 13:25:14 +0200"
    },
    "done": true
  },
  "create:recipes/building_blocks/cut_deepslate_brick_slab_from_stone_types_deepslate_stonecutting": {
    "criteria": {
      "has_stone_types_deepslate": "2025-08-21 13:25:14 +0200"
    },
    "done": true
  },
  "create:recipes/building_blocks/small_deepslate_bricks_from_stone_types_deepslate_stonecutting": {
    "criteria": {
      "has_stone_types_deepslate": "2025-08-21 13:25:14 +0200"
    },
    "done": true
  },
  "create:recipes/building_blocks/polished_cut_deepslate_from_stone_types_deepslate_stonecutting": {
    "criteria": {
      "has_stone_types_deepslate": "2025-08-21 13:25:14 +0200"
    },
    "done": true
  },
  "create:recipes/building_blocks/polished_cut_deepslate_slab_from_stone_types_deepslate_stonecutting": {
    "criteria": {
      "has_stone_types_deepslate": "2025-08-21 13:25:14 +0200"
    },
    "done": true
  },
  "create:recipes/building_blocks/cut_deepslate_bricks_from_stone_types_deepslate_stonecutting": {
    "criteria": {
      "has_stone_types_deepslate": "2025-08-21 13:25:14 +0200"
    },
    "done": true
  },
  "create:recipes/building_blocks/layered_deepslate_from_stone_types_deepslate_stonecutting": {
    "criteria": {
      "has_stone_types_deepslate": "2025-08-21 13:25:14 +0200"
    },
    "done": true
  },
  "minecraft:recipes/building_blocks/stone_bricks": {
    "criteria": {
      "has_stone": "2025-08-21 13:29:18 +0200"
    },
    "done": true
  },
  "createaddition:recipes/redstone/crafting/redstone_relay": {
    "criteria": {
      "has_stone": "2025-08-21 13:29:18 +0200"
    },
    "done": true
  },
  "minecraft:recipes/building_blocks/stone_bricks_from_stone_stonecutting": {
    "criteria": {
      "has_stone": "2025-08-21 13:29:18 +0200"
    },
    "done": true
  },
  "minecraft:recipes/building_blocks/stone_slab": {
    "criteria": {
      "has_stone": "2025-08-21 13:29:18 +0200"
    },
    "done": true
  },
  "minecraft:recipes/building_blocks/stone_stairs_from_stone_stonecutting": {
    "criteria": {
      "has_stone": "2025-08-21 13:29:18 +0200"
    },
    "done": true
  },
  "minecraft:recipes/redstone/stone_button": {
    "criteria": {
      "has_stone": "2025-08-21 13:29:18 +0200"
    },
    "done": true
  },
  "minecraft:recipes/decorations/stonecutter": {
    "criteria": {
      "has_stone": "2025-08-21 13:29:18 +0200"
    },
    "done": true
  },
  "minecraft:recipes/redstone/stone_pressure_plate": {
    "criteria": {
      "has_stone": "2025-08-21 13:29:18 +0200"
    },
    "done": true
  },
  "minecraft:recipes/building_blocks/smooth_stone": {
    "criteria": {
      "has_stone": "2025-08-21 13:29:18 +0200"
    },
    "done": true
  },
  "minecraft:recipes/decorations/stone_brick_walls_from_stone_stonecutting": {
    "criteria": {
      "has_stone": "2025-08-21 13:29:18 +0200"
    },
    "done": true
  },
  "minecraft:recipes/building_blocks/stone_brick_slab_from_stone_stonecutting": {
    "criteria": {
      "has_stone": "2025-08-21 13:29:18 +0200"
    },
    "done": true
  },
  "minecraft:recipes/building_blocks/stone_brick_stairs_from_stone_stonecutting": {
    "criteria": {
      "has_stone": "2025-08-21 13:29:18 +0200"
    },
    "done": true
  },
  "minecraft:recipes/building_blocks/stone_slab_from_stone_stonecutting": {
    "criteria": {
      "has_stone": "2025-08-21 13:29:18 +0200"
    },
    "done": true
  },
  "minecraft:recipes/building_blocks/chiseled_stone_bricks_stone_from_stonecutting": {
    "criteria": {
      "has_stone": "2025-08-21 13:29:18 +0200"
    },
    "done": true
  },
  "minecraft:recipes/building_blocks/stone_stairs": {
    "criteria": {
      "has_stone": "2025-08-21 13:29:18 +0200"
    },
    "done": true
  },
  "create:recipes/building_blocks/polished_cut_andesite_stairs_from_stone_types_andesite_stonecutting": {
    "criteria": {
      "has_stone_types_andesite": "2025-08-21 13:30:50 +0200"
    },
    "done": true
  },
  "create:recipes/building_blocks/cut_andesite_slab_from_stone_types_andesite_stonecutting": {
    "criteria": {
      "has_stone_types_andesite": "2025-08-21 13:30:50 +0200"
    },
    "done": true
  },
  "create:recipes/building_blocks/small_andesite_brick_slab_from_stone_types_andesite_stonecutting": {
    "criteria": {
      "has_stone_types_andesite": "2025-08-21 13:30:50 +0200"
    },
    "done": true
  },
  "minecraft:recipes/building_blocks/andesite_stairs": {
    "criteria": {
      "has_andesite": "2025-08-21 13:30:50 +0200"
    },
    "done": true
  },
  "minecraft:recipes/decorations/andesite_wall_from_andesite_stonecutting": {
    "criteria": {
      "has_andesite": "2025-08-21 13:30:50 +0200"
    },
    "done": true
  },
  "create:recipes/building_blocks/andesite_from_stone_types_andesite_stonecutting": {
    "criteria": {
      "has_stone_types_andesite": "2025-08-21 13:30:50 +0200"
    },
    "done": true
  },
  "create:recipes/building_blocks/cut_andesite_from_stone_types_andesite_stonecutting": {
    "criteria": {
      "has_stone_types_andesite": "2025-08-21 13:30:50 +0200"
    },
    "done": true
  },
  "minecraft:recipes/building_blocks/polished_andesite_slab_from_andesite_stonecutting": {
    "criteria": {
      "has_andesite": "2025-08-21 13:30:50 +0200"
    },
    "done": true
  },
  "minecraft:recipes/building_blocks/andesite_slab_from_andesite_stonecutting": {
    "criteria": {
      "has_andesite": "2025-08-21 13:30:50 +0200"
    },
    "done": true
  },
  "create:recipes/building_blocks/polished_cut_andesite_slab_from_stone_types_andesite_stonecutting": {
    "criteria": {
      "has_stone_types_andesite": "2025-08-21 13:30:50 +0200"
    },
    "done": true
  },
  "create:recipes/building_blocks/small_andesite_brick_stairs_from_stone_types_andesite_stonecutting": {
    "criteria": {
      "has_stone_types_andesite": "2025-08-21 13:30:50 +0200"
    },
    "done": true
  },
  "minecraft:recipes/building_blocks/andesite_stairs_from_andesite_stonecutting": {
    "criteria": {
      "has_andesite": "2025-08-21 13:30:50 +0200"
    },
    "done": true
  },
  "create:recipes/building_blocks/cut_andesite_brick_wall_from_stone_types_andesite_stonecutting": {
    "criteria": {
      "has_stone_types_andesite": "2025-08-21 13:30:50 +0200"
    },
    "done": true
  },
  "create:recipes/building_blocks/cut_andesite_bricks_from_stone_types_andesite_stonecutting": {
    "criteria": {
      "has_stone_types_andesite": "2025-08-21 13:30:50 +0200"
    },
    "done": true
  },
  "create:recipes/building_blocks/small_andesite_bricks_from_stone_types_andesite_stonecutting": {
    "criteria": {
      "has_stone_types_andesite": "2025-08-21 13:30:50 +0200"
    },
    "done": true
  },
  "create:recipes/building_blocks/andesite_pillar_from_stone_types_andesite_stonecutting": {
    "criteria": {
      "has_stone_types_andesite": "2025-08-21 13:30:50 +0200"
    },
    "done": true
  },
  "minecraft:recipes/building_blocks/polished_andesite_from_andesite_stonecutting": {
    "criteria": {
      "has_andesite": "2025-08-21 13:30:50 +0200"
    },
    "done": true
  },
  "create:recipes/building_blocks/cut_andesite_stairs_from_stone_types_andesite_stonecutting": {
    "criteria": {
      "has_stone_types_andesite": "2025-08-21 13:30:50 +0200"
    },
    "done": true
  },
  "create:recipes/building_blocks/polished_cut_andesite_wall_from_stone_types_andesite_stonecutting": {
    "criteria": {
      "has_stone_types_andesite": "2025-08-21 13:30:50 +0200"
    },
    "done": true
  },
  "create:recipes/building_blocks/cut_andesite_brick_stairs_from_stone_types_andesite_stonecutting": {
    "criteria": {
      "has_stone_types_andesite": "2025-08-21 13:30:50 +0200"
    },
    "done": true
  },
  "minecraft:recipes/building_blocks/polished_andesite": {
    "criteria": {
      "has_andesite": "2025-08-21 13:30:50 +0200"
    },
    "done": true
  },
  "create:recipes/building_blocks/polished_cut_andesite_from_stone_types_andesite_stonecutting": {
    "criteria": {
      "has_stone_types_andesite": "2025-08-21 13:30:50 +0200"
    },
    "done": true
  },
  "create:recipes/building_blocks/cut_andesite_wall_from_stone_types_andesite_stonecutting": {
    "criteria": {
      "has_stone_types_andesite": "2025-08-21 13:30:50 +0200"
    },
    "done": true
  },
  "create:recipes/building_blocks/small_andesite_brick_wall_from_stone_types_andesite_stonecutting": {
    "criteria": {
      "has_stone_types_andesite": "2025-08-21 13:30:50 +0200"
    },
    "done": true
  },
  "minecraft:recipes/decorations/andesite_wall": {
    "criteria": {
      "has_andesite": "2025-08-21 13:30:50 +0200"
    },
    "done": true
  },
  "minecraft:recipes/building_blocks/andesite_slab": {
    "criteria": {
      "has_andesite": "2025-08-21 13:30:50 +0200"
    },
    "done": true
  },
  "minecraft:recipes/building_blocks/polished_andesite_stairs_from_andesite_stonecutting": {
    "criteria": {
      "has_andesite": "2025-08-21 13:30:50 +0200"
    },
    "done": true
  },
  "create:recipes/building_blocks/cut_andesite_brick_slab_from_stone_types_andesite_stonecutting": {
    "criteria": {
      "has_stone_types_andesite": "2025-08-21 13:30:50 +0200"
    },
    "done": true
  },
  "create:recipes/building_blocks/layered_andesite_from_stone_types_andesite_stonecutting": {
    "criteria": {
      "has_stone_types_andesite": "2025-08-21 13:30:50 +0200"
    },
    "done": true
  },
  "minecraft:recipes/building_blocks/coarse_dirt": {
    "criteria": {
      "has_gravel": "2025-08-21 13:31:18 +0200"
    },
    "done": true
  },
  "minecraft:recipes/building_blocks/light_gray_concrete_powder": {
    "criteria": {
      "has_gravel": "2025-08-21 13:31:18 +0200"
    },
    "done": true
  },
  "minecraft:recipes/building_blocks/pink_concrete_powder": {
    "criteria": {
      "has_gravel": "2025-08-21 13:31:18 +0200"
    },
    "done": true
  },
  "minecraft:recipes/building_blocks/red_concrete_powder": {
    "criteria": {
      "has_gravel": "2025-08-21 13:31:18 +0200"
    },
    "done": true
  },
  "minecraft:recipes/building_blocks/brown_concrete_powder": {
    "criteria": {
      "has_gravel": "2025-08-21 13:31:18 +0200"
    },
    "done": true
  },
  "minecraft:recipes/building_blocks/light_blue_concrete_powder": {
    "criteria": {
      "has_gravel": "2025-08-21 13:31:18 +0200"
    },
    "done": true
  },
  "minecraft:recipes/building_blocks/green_concrete_powder": {
    "criteria": {
      "has_gravel": "2025-08-21 13:31:18 +0200"
    },
    "done": true
  },
  "minecraft:recipes/building_blocks/blue_concrete_powder": {
    "criteria": {
      "has_gravel": "2025-08-21 13:31:18 +0200"
    },
    "done": true
  },
  "minecraft:recipes/building_blocks/white_concrete_powder": {
    "criteria": {
      "has_gravel": "2025-08-21 13:31:18 +0200"
    },
    "done": true
  },
  "minecraft:recipes/building_blocks/lime_concrete_powder": {
    "criteria": {
      "has_gravel": "2025-08-21 13:31:18 +0200"
    },
    "done": true
  },
  "minecraft:recipes/building_blocks/orange_concrete_powder": {
    "criteria": {
      "has_gravel": "2025-08-21 13:31:18 +0200"
    },
    "done": true
  },
  "minecraft:recipes/building_blocks/magenta_concrete_powder": {
    "criteria": {
      "has_gravel": "2025-08-21 13:31:18 +0200"
    },
    "done": true
  },
  "minecraft:recipes/building_blocks/yellow_concrete_powder": {
    "criteria": {
      "has_gravel": "2025-08-21 13:31:18 +0200"
    },
    "done": true
  },
  "minecraft:recipes/building_blocks/gray_concrete_powder": {
    "criteria": {
      "has_gravel": "2025-08-21 13:31:18 +0200"
    },
    "done": true
  },
  "minecraft:recipes/building_blocks/black_concrete_powder": {
    "criteria": {
      "has_gravel": "2025-08-21 13:31:18 +0200"
    },
    "done": true
  },
  "minecraft:recipes/building_blocks/purple_concrete_powder": {
    "criteria": {
      "has_gravel": "2025-08-21 13:31:18 +0200"
    },
    "done": true
  },
  "minecraft:recipes/building_blocks/cyan_concrete_powder": {
    "criteria": {
      "has_gravel": "2025-08-21 13:31:18 +0200"
    },
    "done": true
  },
  "create:recipes/building_blocks/cut_andesite_stairs": {
    "criteria": {
      "has_cut_andesite": "2025-08-21 13:31:42 +0200"
    },
    "done": true
  },
  "create:recipes/building_blocks/cut_andesite_slab": {
    "criteria": {
      "has_cut_andesite": "2025-08-21 13:31:42 +0200"
    },
    "done": true
  },
  "create:recipes/building_blocks/cut_andesite_wall": {
    "criteria": {
      "has_cut_andesite": "2025-08-21 13:31:42 +0200"
    },
    "done": true
  },
  "create:recipes/building_blocks/small_deepslate_brick_slab": {
    "criteria": {
      "has_small_deepslate_bricks": "2025-08-21 13:32:44 +0200"
    },
    "done": true
  },
  "create:recipes/building_blocks/small_deepslate_brick_stairs": {
    "criteria": {
      "has_small_deepslate_bricks": "2025-08-21 13:32:44 +0200"
    },
    "done": true
  },
  "create:recipes/building_blocks/small_deepslate_brick_wall": {
    "criteria": {
      "has_small_deepslate_bricks": "2025-08-21 13:32:44 +0200"
    },
    "done": true
  },
  "create:recipes/building_blocks/crafting/logistics/brown_postbox": {
    "criteria": {
      "has_barrel": "2025-08-21 13:33:00 +0200"
    },
    "done": true
  },
  "create:recipes/building_blocks/crafting/logistics/magenta_postbox": {
    "criteria": {
      "has_barrel": "2025-08-21 13:33:00 +0200"
    },
    "done": true
  },
  "create:recipes/building_blocks/crafting/logistics/light_blue_postbox": {
    "criteria": {
      "has_barrel": "2025-08-21 13:33:00 +0200"
    },
    "done": true
  },
  "create:recipes/building_blocks/crafting/logistics/orange_postbox": {
    "criteria": {
      "has_barrel": "2025-08-21 13:33:00 +0200"
    },
    "done": true
  },
  "create:recipes/building_blocks/crafting/logistics/green_postbox": {
    "criteria": {
      "has_barrel": "2025-08-21 13:33:00 +0200"
    },
    "done": true
  },
  "create:recipes/building_blocks/crafting/logistics/purple_postbox": {
    "criteria": {
      "has_barrel": "2025-08-21 13:33:00 +0200"
    },
    "done": true
  },
  "create:recipes/building_blocks/crafting/logistics/white_postbox": {
    "criteria": {
      "has_barrel": "2025-08-21 13:33:00 +0200"
    },
    "done": true
  },
  "create:recipes/misc/crafting/kinetics/fluid_tank": {
    "criteria": {
      "has_item": "2025-08-21 13:33:00 +0200"
    },
    "done": true
  },
  "create:recipes/building_blocks/crafting/logistics/gray_postbox": {
    "criteria": {
      "has_barrel": "2025-08-21 13:33:00 +0200"
    },
    "done": true
  },
  "create:recipes/building_blocks/crafting/logistics/pink_postbox": {
    "criteria": {
      "has_barrel": "2025-08-21 13:33:00 +0200"
    },
    "done": true
  },
  "create:recipes/building_blocks/crafting/logistics/black_postbox": {
    "criteria": {
      "has_barrel": "2025-08-21 13:33:00 +0200"
    },
    "done": true
  },
  "create:recipes/building_blocks/crafting/logistics/cyan_postbox": {
    "criteria": {
      "has_barrel": "2025-08-21 13:33:00 +0200"
    },
    "done": true
  },
  "create:recipes/building_blocks/crafting/logistics/yellow_postbox": {
    "criteria": {
      "has_barrel": "2025-08-21 13:33:00 +0200"
    },
    "done": true
  },
  "create:recipes/building_blocks/crafting/logistics/red_postbox": {
    "criteria": {
      "has_barrel": "2025-08-21 13:33:00 +0200"
    },
    "done": true
  },
  "create:recipes/misc/crafting/kinetics/item_vault": {
    "criteria": {
      "has_item": "2025-08-21 13:33:00 +0200"
    },
    "done": true
  },
  "create:recipes/building_blocks/crafting/logistics/lime_postbox": {
    "criteria": {
      "has_barrel": "2025-08-21 13:33:00 +0200"
    },
    "done": true
  },
  "create:recipes/building_blocks/crafting/logistics/light_gray_postbox": {
    "criteria": {
      "has_barrel": "2025-08-21 13:33:00 +0200"
    },
    "done": true
  },
  "create:recipes/building_blocks/crafting/logistics/blue_postbox": {
    "criteria": {
      "has_barrel": "2025-08-21 13:33:00 +0200"
    },
    "done": true
  },
  "create:recipes/building_blocks/crafting/logistics/gray_postbox_from_other_postbox": {
    "criteria": {
      "has_postbox": "2025-08-21 13:33:47 +0200"
    },
    "done": true
  },
  "create:recipes/building_blocks/crafting/logistics/pink_postbox_from_other_postbox": {
    "criteria": {
      "has_postbox": "2025-08-21 13:33:47 +0200"
    },
    "done": true
  },
  "create:recipes/building_blocks/crafting/logistics/orange_postbox_from_other_postbox": {
    "criteria": {
      "has_postbox": "2025-08-21 13:33:47 +0200"
    },
    "done": true
  },
  "create:recipes/building_blocks/crafting/logistics/yellow_postbox_from_other_postbox": {
    "criteria": {
      "has_postbox": "2025-08-21 13:33:47 +0200"
    },
    "done": true
  },
  "create:recipes/building_blocks/crafting/logistics/brown_postbox_from_other_postbox": {
    "criteria": {
      "has_postbox": "2025-08-21 13:33:47 +0200"
    },
    "done": true
  },
  "create:recipes/building_blocks/crafting/logistics/light_gray_postbox_from_other_postbox": {
    "criteria": {
      "has_postbox": "2025-08-21 13:33:47 +0200"
    },
    "done": true
  },
  "create:recipes/building_blocks/crafting/logistics/white_postbox_from_other_postbox": {
    "criteria": {
      "has_postbox": "2025-08-21 13:33:47 +0200"
    },
    "done": true
  },
  "create:recipes/building_blocks/crafting/logistics/magenta_postbox_from_other_postbox": {
    "criteria": {
      "has_postbox": "2025-08-21 13:33:47 +0200"
    },
    "done": true
  },
  "create:recipes/building_blocks/crafting/logistics/purple_postbox_from_other_postbox": {
    "criteria": {
      "has_postbox": "2025-08-21 13:33:47 +0200"
    },
    "done": true
  },
  "create:recipes/building_blocks/crafting/logistics/green_postbox_from_other_postbox": {
    "criteria": {
      "has_postbox": "2025-08-21 13:33:47 +0200"
    },
    "done": true
  },
  "create:recipes/building_blocks/crafting/logistics/cyan_postbox_from_other_postbox": {
    "criteria": {
      "has_postbox": "2025-08-21 13:33:47 +0200"
    },
    "done": true
  },
  "create:recipes/building_blocks/crafting/logistics/lime_postbox_from_other_postbox": {
    "criteria": {
      "has_postbox": "2025-08-21 13:33:47 +0200"
    },
    "done": true
  },
  "create:recipes/building_blocks/crafting/logistics/blue_postbox_from_other_postbox": {
    "criteria": {
      "has_postbox": "2025-08-21 13:33:47 +0200"
    },
    "done": true
  },
  "create:recipes/building_blocks/crafting/logistics/red_postbox_from_other_postbox": {
    "criteria": {
      "has_postbox": "2025-08-21 13:33:47 +0200"
    },
    "done": true
  },
  "create:recipes/building_blocks/crafting/logistics/light_blue_postbox_from_other_postbox": {
    "criteria": {
      "has_postbox": "2025-08-21 13:33:47 +0200"
    },
    "done": true
  },
  "create:recipes/building_blocks/crafting/logistics/black_postbox_from_other_postbox": {
    "criteria": {
      "has_postbox": "2025-08-21 13:33:47 +0200"
    },
    "done": true
  },
  "create:track_0": {
    "criteria": {
      "0": "2025-08-21 13:34:15 +0200"
    },
    "done": true
  },
  "minecraft:recipes/building_blocks/stripped_birch_wood": {
    "criteria": {
      "has_log": "2025-08-21 13:40:41 +0200"
    },
    "done": true
  },
  "minecraft:recipes/decorations/birch_hanging_sign": {
    "criteria": {
      "has_stripped_logs": "2025-08-21 13:40:41 +0200"
    },
    "done": true
  },
  "minecraft:recipes/building_blocks/birch_planks": {
    "criteria": {
      "has_logs": "2025-08-21 13:40:41 +0200"
    },
    "done": true
  },
  "minecraft:recipes/misc/charcoal": {
    "criteria": {
      "has_log": "2025-08-21 13:40:41 +0200"
    },
    "done": true
  },
  "minecraft:recipes/decorations/oak_hanging_sign": {
    "criteria": {
      "has_stripped_logs": "2025-08-21 13:40:52 +0200"
    },
    "done": true
  },
  "minecraft:recipes/building_blocks/oak_planks": {
    "criteria": {
      "has_logs": "2025-08-21 13:40:52 +0200"
    },
    "done": true
  },
  "minecraft:recipes/building_blocks/stripped_oak_wood": {
    "criteria": {
      "has_log": "2025-08-21 13:40:52 +0200"
    },
    "done": true
  },
  "minecraft:recipes/redstone/redstone_lamp": {
    "criteria": {
      "has_glowstone": "2025-08-21 13:42:09 +0200"
    },
    "done": true
  },
  "create:deployer": {
    "criteria": {
      "0": "2025-09-09 12:42:30 +0200"
    },
    "done": true
  },
  "createaddition:recipes/redstone/crafting/copper_spool": {
    "criteria": {
      "has_wired_spool": "2025-09-09 12:43:14 +0200"
    },
    "done": true
  },
  "createaddition:recipes/redstone/crafting/portable_energy_interface": {
    "criteria": {
      "has_copper_spool": "2025-09-09 12:43:14 +0200"
    },
    "done": true
  },
  "createaddition:recipes/misc/crafting/festive_spool": {
    "criteria": {
      "has_copper_spool": "2025-09-09 12:43:14 +0200"
    },
    "done": true
  },
  "createaddition:recipes/misc/crafting/small_light_connector": {
    "criteria": {
      "has_small_connector": "2025-09-09 12:43:17 +0200"
    },
    "done": true
  },
  "createaddition:recipes/misc/crafting/connector": {
    "criteria": {
      "has_small_connector": "2025-09-09 12:43:17 +0200"
    },
    "done": true
  },
  "minecraft:recipes/redstone/redstone": {
    "criteria": {
      "has_redstone_block": "2025-09-09 12:53:14 +0200"
    },
    "done": true
  },
  "create:chained_drain": {
    "criteria": {
      "0": "2025-09-09 12:55:39 +0200"
    },
    "done": true
  },
  "create:recipes/misc/crafting/kinetics/smart_chute": {
    "criteria": {
      "has_item": "2025-09-09 13:01:18 +0200"
    },
    "done": true
  },
  "create:chute": {
    "criteria": {
      "0": "2025-09-09 13:03:46 +0200"
    },
    "done": true
  },
  "create:recipes/misc/crafting/kinetics/mechanical_saw": {
    "criteria": {
      "has_item": "2025-09-09 13:04:14 +0200"
    },
    "done": true
  },
  "create:recipes/misc/crafting/logistics/redstone_link": {
    "criteria": {
      "has_item": "2025-09-09 13:04:14 +0200"
    },
    "done": true
  },
  "create:recipes/misc/crafting/logistics/desk_bell": {
    "criteria": {
      "has_item": "2025-09-09 13:04:14 +0200"
    },
    "done": true
  },
  "create:recipes/misc/crafting/kinetics/mechanical_press": {
    "criteria": {
      "has_item": "2025-09-09 13:04:14 +0200"
    },
    "done": true
  },
  "create:recipes/misc/crafting/kinetics/mechanical_roller": {
    "criteria": {
      "has_item": "2025-09-09 13:04:14 +0200"
    },
    "done": true
  },
  "create:recipes/misc/crafting/kinetics/andesite_door": {
    "criteria": {
      "has_item": "2025-09-09 13:04:14 +0200"
    },
    "done": true
  },
  "create:recipes/misc/crafting/kinetics/portable_storage_interface": {
    "criteria": {
      "has_item": "2025-09-09 13:04:14 +0200"
    },
    "done": true
  },
  "create:recipes/misc/crafting/kinetics/mechanical_bearing": {
    "criteria": {
      "has_item": "2025-09-09 13:04:14 +0200"
    },
    "done": true
  },
  "create:recipes/misc/crafting/kinetics/gantry_carriage": {
    "criteria": {
      "has_item": "2025-09-09 13:04:14 +0200"
    },
    "done": true
  },
  "create:recipes/misc/crafting/kinetics/weighted_ejector": {
    "criteria": {
      "has_item": "2025-09-09 13:04:14 +0200"
    },
    "done": true
  },
  "create:recipes/misc/crafting/kinetics/millstone": {
    "criteria": {
      "has_item": "2025-09-09 13:04:14 +0200"
    },
    "done": true
  },
  "create:recipes/misc/crafting/kinetics/mechanical_plough": {
    "criteria": {
      "has_item": "2025-09-09 13:04:14 +0200"
    },
    "done": true
  },
  "create:recipes/misc/crafting/kinetics/chain_conveyor": {
    "criteria": {
      "has_item": "2025-09-09 13:04:14 +0200"
    },
    "done": true
  },
  "create:recipes/misc/crafting/kinetics/mechanical_harvester": {
    "criteria": {
      "has_item": "2025-09-09 13:04:14 +0200"
    },
    "done": true
  },
  "create:recipes/misc/crafting/kinetics/encased_chain_drive_from_zinc": {
    "criteria": {
      "has_item": "2025-09-09 13:04:14 +0200"
    },
    "done": true
  },
  "create:recipes/misc/crafting/kinetics/clutch": {
    "criteria": {
      "has_item": "2025-09-09 13:04:14 +0200"
    },
    "done": true
  },
  "create:recipes/misc/crafting/kinetics/depot": {
    "criteria": {
      "has_item": "2025-09-09 13:04:14 +0200"
    },
    "done": true
  },
  "numismatics:recipes/misc/crafting/andesite_depositor": {
    "criteria": {
      "has_item": "2025-09-09 13:04:14 +0200"
    },
    "done": true
  },
  "create:recipes/misc/crafting/kinetics/encased_chain_drive": {
    "criteria": {
      "has_item": "2025-09-09 13:04:14 +0200"
    },
    "done": true
  },
  "create:recipes/misc/crafting/kinetics/mechanical_drill": {
    "criteria": {
      "has_item": "2025-09-09 13:04:14 +0200"
    },
    "done": true
  },
  "create:recipes/misc/crafting/kinetics/mechanical_piston": {
    "criteria": {
      "has_item": "2025-09-09 13:04:14 +0200"
    },
    "done": true
  },
  "create:recipes/misc/crafting/kinetics/gearshift": {
    "criteria": {
      "has_item": "2025-09-09 13:04:14 +0200"
    },
    "done": true
  },
  "dndesires:recipes/misc/crafting/cog_crank": {
    "criteria": {
      "has_cog": "2025-09-09 14:15:42 +0200"
    },
    "done": true
  },
  "dndesires:recipes/misc/crafting/large_cog_crank": {
    "criteria": {
      "has_cog": "2025-09-09 14:15:42 +0200"
    },
    "done": true
  },
  "dndesires:recipes/misc/crafting/cog_crank_to_large": {
    "criteria": {
      "has_cog": "2025-09-09 14:15:42 +0200"
    },
    "done": true
  },
  "create:recipes/building_blocks/industrial_iron_window": {
    "criteria": {
      "has_ingredient": "2025-09-09 14:16:07 +0200"
    },
    "done": true
  },
  "create:recipes/misc/crafting/logistics/andesite_table_cloth_clear": {
    "criteria": {
      "has_andesite_table_cloth": "2025-09-09 14:31:38 +0200"
    },
    "done": true
  },
  "create:recipes/misc/crafting/logistics/brass_table_cloth_clear": {
    "criteria": {
      "has_brass_table_cloth": "2025-09-09 14:31:41 +0200"
    },
    "done": true
  },
  "dndesires:recipes/misc/crafting/frogport": {
    "criteria": {
      "has_vault": "2025-09-09 14:54:40 +0200"
    },
    "done": true
  },
  "create:recipes/misc/crafting/kinetics/gearbox_from_conversion": {
    "criteria": {
      "has_item": "2025-09-09 14:57:51 +0200"
    },
    "done": true
  },
  "create:recipes/misc/crafting/logistics/pulse_timer": {
    "criteria": {
      "has_item": "2025-09-09 15:00:51 +0200"
    },
    "done": true
  },
  "minecraft:recipes/redstone/redstone_torch": {
    "criteria": {
      "has_redstone": "2025-09-09 15:00:51 +0200"
    },
    "done": true
  },
  "minecraft:recipes/tools/clock": {
    "criteria": {
      "has_redstone": "2025-09-09 15:00:51 +0200"
    },
    "done": true
  },
  "create:recipes/misc/crafting/logistics/pulse_extender": {
    "criteria": {
      "has_item": "2025-09-09 15:00:51 +0200"
    },
    "done": true
  },
  "create:recipes/misc/crafting/logistics/pulse_repeater": {
    "criteria": {
      "has_item": "2025-09-09 15:00:51 +0200"
    },
    "done": true
  },
  "create:recipes/misc/crafting/logistics/powered_latch": {
    "criteria": {
      "has_item": "2025-09-09 15:00:51 +0200"
    },
    "done": true
  },
  "minecraft:recipes/redstone/note_block": {
    "criteria": {
      "has_redstone": "2025-09-09 15:00:51 +0200"
    },
    "done": true
  },
  "minecraft:recipes/redstone/target": {
    "criteria": {
      "has_redstone": "2025-09-09 15:00:51 +0200"
    },
    "done": true
  },
  "minecraft:recipes/tools/compass": {
    "criteria": {
      "has_redstone": "2025-09-09 15:00:51 +0200"
    },
    "done": true
  },
  "create:recipes/misc/crafting/logistics/powered_toggle_latch": {
    "criteria": {
      "has_item": "2025-09-09 15:00:51 +0200"
    },
    "done": true
  },
  "minecraft:recipes/redstone/dropper": {
    "criteria": {
      "has_redstone": "2025-09-09 15:00:51 +0200"
    },
    "done": true
  },
  "minecraft:recipes/redstone/redstone_block": {
    "criteria": {
      "has_redstone": "2025-09-09 15:00:51 +0200"
    },
    "done": true
  },
  "create:recipes/misc/crafting/materials/rose_quartz": {
    "criteria": {
      "has_item": "2025-09-09 15:00:51 +0200"
    },
    "done": true
  },
  "minecraft:recipes/redstone/piston": {
    "criteria": {
      "has_redstone": "2025-09-09 15:00:51 +0200"
    },
    "done": true
  },
  "create:recipes/misc/crafting/appliances/filter_clear": {
    "criteria": {
      "has_item": "2025-09-09 15:01:31 +0200"
    },
    "done": true
  },
  "create:recipes/misc/crafting/appliances/linked_controller": {
    "criteria": {
      "has_item": "2025-09-09 15:05:31 +0200"
    },
    "done": true
  },
  "create:recipes/decorations/andesite_scaffolding_from_andesite_alloy_stonecutting": {
    "criteria": {
      "has_andesite_alloy": "2025-09-09 15:12:28 +0200"
    },
    "done": true
  },
  "create:recipes/misc/crafting/kinetics/speedometer": {
    "criteria": {
      "has_item": "2025-09-09 15:12:28 +0200"
    },
    "done": true
  },
  "create:recipes/misc/crafting/kinetics/chute": {
    "criteria": {
      "has_item": "2025-09-09 15:12:28 +0200"
    },
    "done": true
  },
  "create:recipes/misc/crafting/kinetics/cuckoo_clock": {
    "criteria": {
      "has_item": "2025-09-09 15:12:28 +0200"
    },
    "done": true
  },
  "create:recipes/misc/crafting/kinetics/analog_lever": {
    "criteria": {
      "has_item": "2025-09-09 15:12:28 +0200"
    },
    "done": true
  },
  "create:recipes/misc/crafting/kinetics/wrench": {
    "criteria": {
      "has_item": "2025-09-09 15:12:28 +0200"
    },
    "done": true
  },
  "create:andesite_alloy": {
    "criteria": {
      "0": "2025-09-09 15:12:28 +0200"
    },
    "done": true
  },
  "create:recipes/misc/crafting/kinetics/cart_assembler": {
    "criteria": {
      "has_item": "2025-09-09 15:12:28 +0200"
    },
    "done": true
  },
  "create:recipes/misc/crafting/kinetics/gantry_shaft": {
    "criteria": {
      "has_item": "2025-09-09 15:12:28 +0200"
    },
    "done": true
  },
  "create:recipes/misc/crafting/kinetics/rope_pulley": {
    "criteria": {
      "has_item": "2025-09-09 15:12:28 +0200"
    },
    "done": true
  },
  "create:recipes/misc/crafting/kinetics/filter": {
    "criteria": {
      "has_item": "2025-09-09 15:12:28 +0200"
    },
    "done": true
  },
  "create:recipes/misc/crafting/kinetics/white_sail": {
    "criteria": {
      "has_item": "2025-09-09 15:12:28 +0200"
    },
    "done": true
  },
  "create:recipes/misc/crafting/kinetics/water_wheel": {
    "criteria": {
      "has_item": "2025-09-09 15:12:28 +0200"
    },
    "done": true
  },
  "create:recipes/misc/crafting/kinetics/large_cogwheel_from_little": {
    "criteria": {
      "has_item": "2025-09-09 15:12:28 +0200"
    },
    "done": true
  },
  "create:recipes/misc/crafting/materials/andesite_alloy_block": {
    "criteria": {
      "has_item": "2025-09-09 15:12:28 +0200"
    },
    "done": true
  },
  "create:recipes/misc/crafting/appliances/clipboard": {
    "criteria": {
      "has_item": "2025-09-09 15:12:28 +0200"
    },
    "done": true
  },
  "create:recipes/misc/crafting/kinetics/linear_chassis": {
    "criteria": {
      "has_item": "2025-09-09 15:12:28 +0200"
    },
    "done": true
  },
  "create:recipes/misc/crafting/kinetics/wooden_bracket": {
    "criteria": {
      "has_item": "2025-09-09 15:12:28 +0200"
    },
    "done": true
  },
  "create:recipes/misc/crafting/logistics/andesite_tunnel": {
    "criteria": {
      "has_item": "2025-09-09 15:12:28 +0200"
    },
    "done": true
  },
  "create:recipes/misc/crafting/kinetics/belt_connector": {
    "criteria": {
      "has_item": "2025-09-09 15:12:28 +0200"
    },
    "done": true
  },
  "create:recipes/misc/crafting/kinetics/windmill_bearing": {
    "criteria": {
      "has_item": "2025-09-09 15:12:28 +0200"
    },
    "done": true
  },
  "create:recipes/misc/crafting/kinetics/basin": {
    "criteria": {
      "has_item": "2025-09-09 15:12:28 +0200"
    },
    "done": true
  },
  "create:recipes/misc/crafting/kinetics/large_cogwheel": {
    "criteria": {
      "has_item": "2025-09-09 15:12:28 +0200"
    },
    "done": true
  },
  "create:recipes/misc/crafting/logistics/andesite_funnel": {
    "criteria": {
      "has_item": "2025-09-09 15:12:28 +0200"
    },
    "done": true
  },
  "create:recipes/decorations/andesite_table_cloth_from_andesite_alloy_stonecutting": {
    "criteria": {
      "has_andesite_alloy": "2025-09-09 15:12:28 +0200"
    },
    "done": true
  },
  "create:recipes/misc/crafting/curiosities/minecart_coupling": {
    "criteria": {
      "has_item": "2025-09-09 15:12:28 +0200"
    },
    "done": true
  },
  "create:recipes/misc/crafting/kinetics/mechanical_mixer": {
    "criteria": {
      "has_item": "2025-09-09 15:12:28 +0200"
    },
    "done": true
  },
  "create:recipes/decorations/andesite_ladder_from_andesite_alloy_stonecutting": {
    "criteria": {
      "has_andesite_alloy": "2025-09-09 15:12:28 +0200"
    },
    "done": true
  },
  "create:recipes/misc/crafting/kinetics/metal_girder": {
    "criteria": {
      "has_item": "2025-09-09 15:12:28 +0200"
    },
    "done": true
  },
  "create:recipes/misc/crafting/kinetics/shaft": {
    "criteria": {
      "has_item": "2025-09-09 15:12:28 +0200"
    },
    "done": true
  },
  "create:recipes/misc/crafting/kinetics/hand_crank": {
    "criteria": {
      "has_item": "2025-09-09 15:12:28 +0200"
    },
    "done": true
  },
  "create:recipes/misc/crafting/kinetics/cogwheel": {
    "criteria": {
      "has_item": "2025-09-09 15:12:28 +0200"
    },
    "done": true
  },
  "create:recipes/misc/crafting/kinetics/turntable": {
    "criteria": {
      "has_item": "2025-09-09 15:12:28 +0200"
    },
    "done": true
  },
  "create:recipes/misc/crafting/kinetics/contraption_controls": {
    "criteria": {
      "has_item": "2025-09-09 15:12:28 +0200"
    },
    "done": true
  },
  "create:recipes/decorations/andesite_bars_from_andesite_alloy_stonecutting": {
    "criteria": {
      "has_andesite_alloy": "2025-09-09 15:12:28 +0200"
    },
    "done": true
  },
  "create:recipes/misc/crafting/kinetics/sticker": {
    "criteria": {
      "has_item": "2025-09-09 15:12:28 +0200"
    },
    "done": true
  },
  "create:recipes/misc/crafting/logistics/item_hatch": {
    "criteria": {
      "has_item": "2025-09-09 15:12:28 +0200"
    },
    "done": true
  },
  "create:recipes/misc/crafting/kinetics/metal_bracket": {
    "criteria": {
      "has_item": "2025-09-09 15:12:28 +0200"
    },
    "done": true
  },
  "create:recipes/misc/crafting/kinetics/radial_chassis": {
    "criteria": {
      "has_item": "2025-09-09 15:12:28 +0200"
    },
    "done": true
  },
  "create:recipes/misc/crafting/kinetics/sticky_mechanical_piston": {
    "criteria": {
      "has_item": "2025-09-09 15:12:28 +0200"
    },
    "done": true
  },
  "create:recipes/misc/crafting/kinetics/goggles": {
    "criteria": {
      "has_item": "2025-09-09 15:12:28 +0200"
    },
    "done": true
  },
  "create:recipes/misc/crafting/materials/andesite_alloy_from_block": {
    "criteria": {
      "has_item": "2025-09-09 15:12:28 +0200"
    },
    "done": true
  },
  "create:recipes/misc/crafting/kinetics/display_board": {
    "criteria": {
      "has_item": "2025-09-09 15:12:28 +0200"
    },
    "done": true
  },
  "create:recipes/misc/crafting/kinetics/piston_extension_pole": {
    "criteria": {
      "has_item": "2025-09-09 15:12:28 +0200"
    },
    "done": true
  },
  "dndesires:recipes/misc/crafting/fluid_hatch": {
    "criteria": {
      "has_andesite_alloy": "2025-09-09 15:12:28 +0200"
    },
    "done": true
  },
  "create:recipes/misc/crafting/kinetics/steam_whistle": {
    "criteria": {
      "has_item": "2025-09-09 15:12:41 +0200"
    },
    "done": true
  },
  "create:recipes/misc/crafting/appliances/copper_backtank": {
    "criteria": {
      "has_item": "2025-09-09 15:12:41 +0200"
    },
    "done": true
  },
  "create:recipes/misc/crafting/materials/copper_nugget": {
    "criteria": {
      "has_item": "2025-09-09 15:12:41 +0200"
    },
    "done": true
  },
  "dndesires:recipes/misc/crafting/fluid_gauge": {
    "criteria": {
      "has_copper": "2025-09-09 15:12:41 +0200"
    },
    "done": true
  },
  "create:copper": {
    "criteria": {
      "0": "2025-09-09 15:12:41 +0200"
    },
    "done": true
  },
  "create:recipes/misc/crafting/kinetics/steam_engine": {
    "criteria": {
      "has_item": "2025-09-09 15:12:41 +0200"
    },
    "done": true
  },
  "create:recipes/building_blocks/copper_shingles_from_ingots_copper_stonecutting": {
    "criteria": {
      "has_ingots_copper": "2025-09-09 15:12:41 +0200"
    },
    "done": true
  },
  "create:recipes/misc/crafting/kinetics/fluid_pipe": {
    "criteria": {
      "has_item": "2025-09-09 15:12:41 +0200"
    },
    "done": true
  },
  "minecraft:recipes/redstone/lightning_rod": {
    "criteria": {
      "has_copper_ingot": "2025-09-09 15:12:41 +0200"
    },
    "done": true
  },
  "create:recipes/building_blocks/copper_tiles_from_ingots_copper_stonecutting": {
    "criteria": {
      "has_ingots_copper": "2025-09-09 15:12:41 +0200"
    },
    "done": true
  },
  "minecraft:recipes/redstone/copper_trapdoor": {
    "criteria": {
      "has_copper_ingot": "2025-09-09 15:12:41 +0200"
    },
    "done": true
  },
  "create:recipes/misc/crafting/appliances/copper_diving_helmet": {
    "criteria": {
      "has_item": "2025-09-09 15:12:41 +0200"
    },
    "done": true
  },
  "create:recipes/misc/crafting/kinetics/fluid_pipe_vertical": {
    "criteria": {
      "has_item": "2025-09-09 15:12:41 +0200"
    },
    "done": true
  },
  "create:recipes/misc/crafting/materials/transmitter": {
    "criteria": {
      "has_item": "2025-09-09 15:12:41 +0200"
    },
    "done": true
  },
  "create:recipes/misc/crafting/kinetics/mechanical_pump": {
    "criteria": {
      "has_item": "2025-09-09 15:12:41 +0200"
    },
    "done": true
  },
  "create:recipes/misc/crafting/kinetics/fluid_valve": {
    "criteria": {
      "has_item": "2025-09-09 15:12:41 +0200"
    },
    "done": true
  },
  "minecraft:recipes/building_blocks/copper_block": {
    "criteria": {
      "has_copper_ingot": "2025-09-09 15:12:41 +0200"
    },
    "done": true
  },
  "create:recipes/decorations/copper_ladder_from_ingots_copper_stonecutting": {
    "criteria": {
      "has_ingots_copper": "2025-09-09 15:12:41 +0200"
    },
    "done": true
  },
  "minecraft:recipes/tools/brush": {
    "criteria": {
      "has_copper_ingot": "2025-09-09 15:12:41 +0200"
    },
    "done": true
  },
  "create:recipes/misc/crafting/appliances/copper_diving_boots": {
    "criteria": {
      "has_item": "2025-09-09 15:12:41 +0200"
    },
    "done": true
  },
  "create:recipes/decorations/copper_table_cloth_from_ingots_copper_stonecutting": {
    "criteria": {
      "has_ingots_copper": "2025-09-09 15:12:41 +0200"
    },
    "done": true
  },
  "create:recipes/decorations/copper_scaffolding_from_ingots_copper_stonecutting": {
    "criteria": {
      "has_ingots_copper": "2025-09-09 15:12:41 +0200"
    },
    "done": true
  },
  "minecraft:recipes/redstone/copper_door": {
    "criteria": {
      "has_copper_ingot": "2025-09-09 15:12:41 +0200"
    },
    "done": true
  },
  "create:recipes/misc/crafting/kinetics/copper_valve_handle": {
    "criteria": {
      "has_item": "2025-09-09 15:12:41 +0200"
    },
    "done": true
  },
  "create:recipes/misc/crafting/kinetics/hose_pulley": {
    "criteria": {
      "has_item": "2025-09-09 15:12:41 +0200"
    },
    "done": true
  },
  "create:recipes/misc/crafting/kinetics/smart_fluid_pipe": {
    "criteria": {
      "has_item": "2025-09-09 15:12:41 +0200"
    },
    "done": true
  },
  "create:recipes/misc/crafting/kinetics/copper_valve_handle_from_others": {
    "criteria": {
      "has_item": "2025-09-09 15:12:41 +0200"
    },
    "done": true
  },
  "create:recipes/decorations/copper_bars_from_ingots_copper_stonecutting": {
    "criteria": {
      "has_ingots_copper": "2025-09-09 15:12:41 +0200"
    },
    "done": true
  },
  "create:recipes/misc/crafting/kinetics/deployer": {
    "criteria": {
      "has_item": "2025-09-09 15:13:10 +0200"
    },
    "done": true
  },
  "create:recipes/misc/crafting/kinetics/adjustable_chain_gearshift": {
    "criteria": {
      "has_item": "2025-09-09 15:13:10 +0200"
    },
    "done": true
  },
  "minecraft:recipes/building_blocks/dried_kelp_block": {
    "criteria": {
      "has_dried_kelp": "2025-09-09 15:13:18 +0200"
    },
    "done": true
  },
  "minecraft:recipes/combat/iron_leggings": {
    "criteria": {
      "has_iron_ingot": "2025-09-09 15:13:55 +0200"
    },
    "done": true
  },
  "minecraft:recipes/combat/iron_chestplate": {
    "criteria": {
      "has_iron_ingot": "2025-09-09 15:13:55 +0200"
    },
    "done": true
  },
  "minecraft:recipes/misc/iron_nugget": {
    "criteria": {
      "has_iron_ingot": "2025-09-09 15:13:55 +0200"
    },
    "done": true
  },
  "minecraft:recipes/misc/bucket": {
    "criteria": {
      "has_iron_ingot": "2025-09-09 15:13:55 +0200"
    },
    "done": true
  },
  "minecraft:recipes/combat/iron_helmet": {
    "criteria": {
      "has_iron_ingot": "2025-09-09 15:13:55 +0200"
    },
    "done": true
  },
  "minecraft:recipes/transportation/minecart": {
    "criteria": {
      "has_iron_ingot": "2025-09-09 15:13:55 +0200"
    },
    "done": true
  },
  "minecraft:recipes/tools/iron_hoe": {
    "criteria": {
      "has_iron_ingot": "2025-09-09 15:13:55 +0200"
    },
    "done": true
  },
  "minecraft:story/smelt_iron": {
    "criteria": {
      "iron": "2025-09-09 15:13:55 +0200"
    },
    "done": true
  },
  "minecraft:recipes/tools/shears": {
    "criteria": {
      "has_iron_ingot": "2025-09-09 15:13:55 +0200"
    },
    "done": true
  },
  "minecraft:recipes/decorations/chain": {
    "criteria": {
      "has_iron_ingot": "2025-09-09 15:13:55 +0200"
    },
    "done": true
  },
  "minecraft:recipes/building_blocks/iron_block": {
    "criteria": {
      "has_iron_ingot": "2025-09-09 15:13:55 +0200"
    },
    "done": true
  },
  "minecraft:recipes/decorations/smithing_table": {
    "criteria": {
      "has_iron_ingot": "2025-09-09 15:13:55 +0200"
    },
    "done": true
  },
  "create:recipes/misc/crafting/materials/andesite_alloy": {
    "criteria": {
      "has_item": "2025-09-09 15:13:55 +0200"
    },
    "done": true
  },
  "create:recipes/misc/crafting/kinetics/empty_blaze_burner": {
    "criteria": {
      "has_item": "2025-09-09 15:13:55 +0200"
    },
    "done": true
  },
  "minecraft:recipes/combat/iron_sword": {
    "criteria": {
      "has_iron_ingot": "2025-09-09 15:13:55 +0200"
    },
    "done": true
  },
  "minecraft:recipes/tools/iron_pickaxe": {
    "criteria": {
      "has_iron_ingot": "2025-09-09 15:13:55 +0200"
    },
    "done": true
  },
  "minecraft:recipes/combat/shield": {
    "criteria": {
      "has_iron_ingot": "2025-09-09 15:13:55 +0200"
    },
    "done": true
  },
  "minecraft:recipes/redstone/hopper": {
    "criteria": {
      "has_iron_ingot": "2025-09-09 15:13:55 +0200"
    },
    "done": true
  },
  "minecraft:recipes/decorations/iron_bars": {
    "criteria": {
      "has_iron_ingot": "2025-09-09 15:13:55 +0200"
    },
    "done": true
  },
  "minecraft:recipes/combat/iron_boots": {
    "criteria": {
      "has_iron_ingot": "2025-09-09 15:13:55 +0200"
    },
    "done": true
  },
  "minecraft:recipes/decorations/lantern": {
    "criteria": {
      "has_iron_ingot": "2025-09-09 15:13:55 +0200"
    },
    "done": true
  },
  "minecraft:recipes/tools/iron_shovel": {
    "criteria": {
      "has_iron_ingot": "2025-09-09 15:13:55 +0200"
    },
    "done": true
  },
  "minecraft:recipes/redstone/iron_trapdoor": {
    "criteria": {
      "has_iron_ingot": "2025-09-09 15:13:55 +0200"
    },
    "done": true
  },
  "minecraft:recipes/tools/iron_axe": {
    "criteria": {
      "has_iron_ingot": "2025-09-09 15:13:55 +0200"
    },
    "done": true
  },
  "minecraft:recipes/combat/crossbow": {
    "criteria": {
      "has_iron_ingot": "2025-09-09 15:13:55 +0200"
    },
    "done": true
  },
  "create:recipes/building_blocks/weathered_iron_block_from_ingots_iron_stonecutting": {
    "criteria": {
      "has_ingots_iron": "2025-09-09 15:13:55 +0200"
    },
    "done": true
  },
  "create:recipes/building_blocks/industrial_iron_block_from_ingots_iron_stonecutting": {
    "criteria": {
      "has_ingots_iron": "2025-09-09 15:13:55 +0200"
    },
    "done": true
  },
  "minecraft:recipes/redstone/iron_door": {
    "criteria": {
      "has_iron_ingot": "2025-09-09 15:13:55 +0200"
    },
    "done": true
  },
  "minecraft:recipes/redstone/heavy_weighted_pressure_plate": {
    "criteria": {
      "has_iron_ingot": "2025-09-09 15:13:55 +0200"
    },
    "done": true
  },
  "minecraft:recipes/tools/spyglass": {
    "criteria": {
      "has_amethyst_shard": "2025-09-09 15:14:16 +0200"
    },
    "done": true
  },
  "minecraft:recipes/redstone/calibrated_sculk_sensor": {
    "criteria": {
      "has_amethyst_shard": "2025-09-09 15:14:16 +0200"
    },
    "done": true
  },
  "minecraft:recipes/building_blocks/tinted_glass": {
    "criteria": {
      "has_amethyst_shard": "2025-09-09 15:14:16 +0200"
    },
    "done": true
  },
  "minecraft:recipes/building_blocks/amethyst_block": {
    "criteria": {
      "has_amethyst_shard": "2025-09-09 15:14:16 +0200"
    },
    "done": true
  },
  "createaddition:recipes/building_blocks/crafting/electrum_block": {
    "criteria": {
      "has_electrum_ingot": "2025-09-09 15:15:53 +0200"
    },
    "done": true
  },
  "createaddition:recipes/misc/crafting/electrum_nugget": {
    "criteria": {
      "has_electrum_ingot": "2025-09-09 15:15:53 +0200"
    },
    "done": true
  },
  "create:recipes/misc/crafting/kinetics/rose_quartz_lamp": {
    "criteria": {
      "has_item": "2025-09-09 15:15:57 +0200"
    },
    "done": true
  },
  "create:recipes/misc/crafting/kinetics/package_filter": {
    "criteria": {
      "has_item": "2025-09-09 15:15:57 +0200"
    },
    "done": true
  },
  "create:recipes/misc/crafting/appliances/chain_from_zinc": {
    "criteria": {
      "has_item": "2025-09-09 15:15:57 +0200"
    },
    "done": true
  },
  "create:recipes/misc/crafting/materials/zinc_block_from_compacting": {
    "criteria": {
      "has_item": "2025-09-09 15:15:57 +0200"
    },
    "done": true
  },
  "create:recipes/building_blocks/copycat_step_from_ingots_zinc_stonecutting": {
    "criteria": {
      "has_ingots_zinc": "2025-09-09 15:15:57 +0200"
    },
    "done": true
  },
  "create:recipes/misc/crafting/materials/andesite_alloy_from_zinc": {
    "criteria": {
      "has_item": "2025-09-09 15:15:57 +0200"
    },
    "done": true
  },
  "create:recipes/building_blocks/copycat_panel_from_ingots_zinc_stonecutting": {
    "criteria": {
      "has_ingots_zinc": "2025-09-09 15:15:57 +0200"
    },
    "done": true
  },
  "create:recipes/misc/crafting/materials/zinc_nugget_from_decompacting": {
    "criteria": {
      "has_item": "2025-09-09 15:15:57 +0200"
    },
    "done": true
  },
  "minecraft:recipes/tools/lead": {
    "criteria": {
      "has_slime_ball": "2025-09-09 15:16:22 +0200"
    },
    "done": true
  },
  "minecraft:recipes/redstone/sticky_piston": {
    "criteria": {
      "has_slime_ball": "2025-09-09 15:16:22 +0200"
    },
    "done": true
  },
  "minecraft:recipes/redstone/slime_block": {
    "criteria": {
      "has_slime_ball": "2025-09-09 15:16:22 +0200"
    },
    "done": true
  },
  "create:stock_ticker": {
    "criteria": {
      "0": "2025-09-09 15:22:52 +0200"
    },
    "done": true
  },
  "dndesires:recipes/misc/crafting/fan_catalyst/splashing_sail": {
    "criteria": {
      "has_water_bucket": "2025-09-10 12:06:03 +0200"
    },
    "done": true
  },
  "create:recipes/misc/crafting/kinetics/large_water_wheel": {
    "criteria": {
      "has_item": "2025-09-10 12:20:44 +0200"
    },
    "done": true
  },
  "create:recipes/building_blocks/crafting/logistics/lime_table_cloth": {
    "criteria": {
      "has_wool": "2025-09-10 12:21:13 +0200"
    },
    "done": true
  },
  "create:recipes/building_blocks/crafting/logistics/yellow_table_cloth": {
    "criteria": {
      "has_wool": "2025-09-10 12:21:13 +0200"
    },
    "done": true
  },
  "create:recipes/building_blocks/crafting/logistics/green_table_cloth": {
    "criteria": {
      "has_wool": "2025-09-10 12:21:13 +0200"
    },
    "done": true
  },
  "create:recipes/building_blocks/crafting/kinetics/brown_seat": {
    "criteria": {
      "has_wool": "2025-09-10 12:21:13 +0200"
    },
    "done": true
  },
  "create:recipes/building_blocks/crafting/logistics/magenta_table_cloth": {
    "criteria": {
      "has_wool": "2025-09-10 12:21:13 +0200"
    },
    "done": true
  },
  "create:recipes/building_blocks/crafting/kinetics/gray_seat": {
    "criteria": {
      "has_wool": "2025-09-10 12:21:13 +0200"
    },
    "done": true
  },
  "create:recipes/building_blocks/crafting/logistics/orange_table_cloth": {
    "criteria": {
      "has_wool": "2025-09-10 12:21:13 +0200"
    },
    "done": true
  },
  "minecraft:recipes/decorations/painting": {
    "criteria": {
      "has_wool": "2025-09-10 12:21:13 +0200"
    },
    "done": true
  },
  "create:recipes/building_blocks/crafting/kinetics/red_seat": {
    "criteria": {
      "has_wool": "2025-09-10 12:21:13 +0200"
    },
    "done": true
  },
  "create:recipes/building_blocks/crafting/kinetics/light_gray_seat": {
    "criteria": {
      "has_wool": "2025-09-10 12:21:13 +0200"
    },
    "done": true
  },
  "create:recipes/building_blocks/crafting/kinetics/blue_seat": {
    "criteria": {
      "has_wool": "2025-09-10 12:21:13 +0200"
    },
    "done": true
  },
  "create:recipes/building_blocks/crafting/kinetics/orange_seat": {
    "criteria": {
      "has_wool": "2025-09-10 12:21:13 +0200"
    },
    "done": true
  },
  "create:recipes/building_blocks/crafting/kinetics/magenta_seat": {
    "criteria": {
      "has_wool": "2025-09-10 12:21:13 +0200"
    },
    "done": true
  },
  "create:recipes/building_blocks/crafting/logistics/blue_table_cloth": {
    "criteria": {
      "has_wool": "2025-09-10 12:21:13 +0200"
    },
    "done": true
  },
  "create:recipes/building_blocks/crafting/kinetics/light_blue_seat": {
    "criteria": {
      "has_wool": "2025-09-10 12:21:13 +0200"
    },
    "done": true
  },
  "create:recipes/building_blocks/crafting/logistics/light_gray_table_cloth": {
    "criteria": {
      "has_wool": "2025-09-10 12:21:13 +0200"
    },
    "done": true
  },
  "create:recipes/building_blocks/crafting/kinetics/cyan_seat": {
    "criteria": {
      "has_wool": "2025-09-10 12:21:13 +0200"
    },
    "done": true
  },
  "create:recipes/building_blocks/crafting/logistics/cyan_table_cloth": {
    "criteria": {
      "has_wool": "2025-09-10 12:21:13 +0200"
    },
    "done": true
  },
  "minecraft:recipes/decorations/white_carpet": {
    "criteria": {
      "has_white_wool": "2025-09-10 12:21:13 +0200"
    },
    "done": true
  },
  "create:recipes/building_blocks/crafting/logistics/red_table_cloth": {
    "criteria": {
      "has_wool": "2025-09-10 12:21:13 +0200"
    },
    "done": true
  },
  "create:recipes/building_blocks/crafting/logistics/light_blue_table_cloth": {
    "criteria": {
      "has_wool": "2025-09-10 12:21:13 +0200"
    },
    "done": true
  },
  "create:recipes/building_blocks/crafting/logistics/white_table_cloth": {
    "criteria": {
      "has_wool": "2025-09-10 12:21:13 +0200"
    },
    "done": true
  },
  "create:recipes/building_blocks/crafting/logistics/gray_table_cloth": {
    "criteria": {
      "has_wool": "2025-09-10 12:21:13 +0200"
    },
    "done": true
  },
  "create:recipes/building_blocks/crafting/kinetics/pink_seat": {
    "criteria": {
      "has_wool": "2025-09-10 12:21:13 +0200"
    },
    "done": true
  },
  "create:recipes/building_blocks/crafting/kinetics/black_seat": {
    "criteria": {
      "has_wool": "2025-09-10 12:21:13 +0200"
    },
    "done": true
  },
  "create:recipes/building_blocks/crafting/logistics/black_table_cloth": {
    "criteria": {
      "has_wool": "2025-09-10 12:21:13 +0200"
    },
    "done": true
  },
  "minecraft:recipes/decorations/white_banner": {
    "criteria": {
      "has_white_wool": "2025-09-10 12:21:13 +0200"
    },
    "done": true
  },
  "create:recipes/building_blocks/crafting/logistics/pink_table_cloth": {
    "criteria": {
      "has_wool": "2025-09-10 12:21:13 +0200"
    },
    "done": true
  },
  "create:recipes/building_blocks/crafting/kinetics/white_seat": {
    "criteria": {
      "has_wool": "2025-09-10 12:21:13 +0200"
    },
    "done": true
  },
  "create:recipes/building_blocks/crafting/logistics/brown_table_cloth": {
    "criteria": {
      "has_wool": "2025-09-10 12:21:13 +0200"
    },
    "done": true
  },
  "create:recipes/building_blocks/crafting/kinetics/green_seat": {
    "criteria": {
      "has_wool": "2025-09-10 12:21:13 +0200"
    },
    "done": true
  },
  "create:recipes/building_blocks/crafting/kinetics/lime_seat": {
    "criteria": {
      "has_wool": "2025-09-10 12:21:13 +0200"
    },
    "done": true
  },
  "create:recipes/building_blocks/crafting/kinetics/purple_seat": {
    "criteria": {
      "has_wool": "2025-09-10 12:21:13 +0200"
    },
    "done": true
  },
  "minecraft:recipes/decorations/white_bed": {
    "criteria": {
      "has_white_wool": "2025-09-10 12:21:13 +0200"
    },
    "done": true
  },
  "create:recipes/building_blocks/crafting/kinetics/yellow_seat": {
    "criteria": {
      "has_wool": "2025-09-10 12:21:13 +0200"
    },
    "done": true
  },
  "create:recipes/building_blocks/crafting/logistics/purple_table_cloth": {
    "criteria": {
      "has_wool": "2025-09-10 12:21:13 +0200"
    },
    "done": true
  },
  "dndesires:recipes/misc/crafting/fan_catalyst/seething_sail": {
    "criteria": {
      "has_blaze_cake": "2025-09-10 12:23:18 +0200"
    },
    "done": true
  },
  "minecraft:recipes/building_blocks/coal_block": {
    "criteria": {
      "has_coal": "2025-09-10 12:23:26 +0200"
    },
    "done": true
  },
  "dndesires:recipes/misc/crafting/coal_from_coal_piece": {
    "criteria": {
      "has_coal": "2025-09-10 12:23:26 +0200"
    },
    "done": true
  },
  "minecraft:recipes/decorations/campfire": {
    "criteria": {
      "has_coal": "2025-09-10 12:23:26 +0200"
    },
    "done": true
  },
  "dndesires:recipes/misc/crafting/stirling_engine": {
    "criteria": {
      "has_stirling_engine": "2025-09-10 12:24:19 +0200"
    },
    "done": true
  },
  "minecraft:recipes/decorations/smoker": {
    "criteria": {
      "has_furnace": "2025-09-10 12:24:25 +0200"
    },
    "done": true
  },
  "dndesires:recipes/misc/crafting/omni_speed_controller": {
    "criteria": {
      "has_omni_speed_controller": "2025-09-10 12:24:55 +0200"
    },
    "done": true
  },
  "minecraft:adventure/root": {
    "criteria": {
      "killed_something": "2025-09-10 12:28:39 +0200"
    },
    "done": true
  },
  "create:recipes/misc/crafting/kinetics/light_gray_valve_handle_from_other_valve_handle": {
    "criteria": {
      "has_valve": "2025-09-10 13:42:47 +0200"
    },
    "done": true
  },
  "create:recipes/misc/crafting/kinetics/brown_valve_handle_from_other_valve_handle": {
    "criteria": {
      "has_valve": "2025-09-10 13:42:47 +0200"
    },
    "done": true
  },
  "create:recipes/misc/crafting/kinetics/portable_fluid_interface": {
    "criteria": {
      "has_item": "2025-09-10 13:42:17 +0200"
    },
    "done": true
  },
  "createaddition:recipes/redstone/crafting/gold_spool": {
    "criteria": {
      "has_wired_spool": "2025-09-10 12:39:36 +0200"
    },
    "done": true
  },
  "create:recipes/misc/crafting/kinetics/spout": {
    "criteria": {
      "has_item": "2025-09-10 13:42:17 +0200"
    },
    "done": true
  },
  "create:recipes/misc/crafting/kinetics/black_valve_handle_from_other_valve_handle": {
    "criteria": {
      "has_valve": "2025-09-10 13:42:47 +0200"
    },
    "done": true
  },
  "create:recipes/misc/crafting/kinetics/blue_valve_handle_from_other_valve_handle": {
    "criteria": {
      "has_valve": "2025-09-10 13:42:47 +0200"
    },
    "done": true
  },
  "create:recipes/misc/crafting/kinetics/green_valve_handle_from_other_valve_handle": {
    "criteria": {
      "has_valve": "2025-09-10 13:42:47 +0200"
    },
    "done": true
  },
  "create:recipes/misc/crafting/kinetics/yellow_valve_handle_from_other_valve_handle": {
    "criteria": {
      "has_valve": "2025-09-10 13:42:47 +0200"
    },
    "done": true
  },
  "create:recipes/misc/crafting/kinetics/light_blue_valve_handle_from_other_valve_handle": {
    "criteria": {
      "has_valve": "2025-09-10 13:42:47 +0200"
    },
    "done": true
  },
  "create:recipes/misc/crafting/kinetics/item_drain": {
    "criteria": {
      "has_item": "2025-09-10 13:42:17 +0200"
    },
    "done": true
  },
  "create:recipes/misc/crafting/kinetics/red_valve_handle_from_other_valve_handle": {
    "criteria": {
      "has_valve": "2025-09-10 13:42:47 +0200"
    },
    "done": true
  },
  "createtreadmill:run_to_die": {
    "criteria": {
      "0": "2025-09-10 12:36:04 +0200"
    },
    "done": true
  },
  "create:recipes/misc/crafting/kinetics/magenta_valve_handle_from_other_valve_handle": {
    "criteria": {
      "has_valve": "2025-09-10 13:42:47 +0200"
    },
    "done": true
  },
  "create:recipes/misc/crafting/kinetics/cyan_valve_handle_from_other_valve_handle": {
    "criteria": {
      "has_valve": "2025-09-10 13:42:47 +0200"
    },
    "done": true
  },
  "create:recipes/misc/crafting/kinetics/lime_valve_handle_from_other_valve_handle": {
    "criteria": {
      "has_valve": "2025-09-10 13:42:47 +0200"
    },
    "done": true
  },
  "create:recipes/misc/crafting/kinetics/white_valve_handle_from_other_valve_handle": {
    "criteria": {
      "has_valve": "2025-09-10 13:42:47 +0200"
    },
    "done": true
  },
  "create:recipes/misc/crafting/kinetics/vertical_gearbox_from_conversion": {
    "criteria": {
      "has_item": "2025-09-10 12:37:09 +0200"
    },
    "done": true
  },
  "create:recipes/misc/crafting/kinetics/orange_valve_handle_from_other_valve_handle": {
    "criteria": {
      "has_valve": "2025-09-10 13:42:47 +0200"
    },
    "done": true
  },
  "create:recipes/misc/crafting/kinetics/gray_valve_handle_from_other_valve_handle": {
    "criteria": {
      "has_valve": "2025-09-10 13:42:47 +0200"
    },
    "done": true
  },
  "create:recipes/misc/crafting/kinetics/purple_valve_handle_from_other_valve_handle": {
    "criteria": {
      "has_valve": "2025-09-10 13:42:47 +0200"
    },
    "done": true
  },
  "leashablevillagers:husbandry/leash_villager": {
    "criteria": {
      "requirement": "2025-09-10 12:32:31 +0200"
    },
    "done": true
  },
  "create:recipes/misc/crafting/kinetics/copper_door": {
    "criteria": {
      "has_item": "2025-09-10 13:42:17 +0200"
    },
    "done": true
  },
  "create:recipes/misc/crafting/kinetics/pink_valve_handle_from_other_valve_handle": {
    "criteria": {
      "has_valve": "2025-09-10 13:42:47 +0200"
    },
    "done": true
  },
  "numismatics:recipes/misc/crafting/banking_guide": {
    "criteria": {
      "has_item": "2025-09-10 12:44:29 +0200"
    },
    "done": true
  },
  "DataVersion": 3955
}